"","x"
"X1772071015_C02","iNeuron"
"X1772071017_G12","iNeuron"
"X1772071017_A05","iNeuron"
"X1772071014_B06","iNeuron"
"X1772067065_H06","iNeuron"
"X1772071017_E02","iNeuron"
"X1772067065_B07","iNeuron"
"X1772071014_E04","iNeuron"
"X1772071015_D04","iNeuron"
"X1772071015_C11","iNeuron"
"X1772071017_D04","iNeuron"
"X1772071017_D06","iNeuron"
"X1772071017_F09","iNeuron"
"X1772071017_A09","iNeuron"
"X1772071015_C08","iNeuron"
"X1772071017_A03","iNeuron"
"X1772071017_F07","iNeuron"
"X1772071017_E06","iNeuron"
"X1772067066_C10","iNeuron"
"X1772071017_B05","iNeuron"
"X1772071014_E06","iNeuron"
"X1772071014_B04","iNeuron"
"X1772067066_B09","iNeuron"
"X1772071017_E10","iNeuron"
"X1772071015_B08","iNeuron"
"X1772071014_C11","iNeuron"
"X1772067066_E10","iNeuron"
"X1772067065_F11","iNeuron"
"X1772071014_H11","iNeuron"
"X1772071017_B11","iNeuron"
"X1772071014_A07","iNeuron"
"X1772071017_B03","iNeuron"
"X1772071015_B04","iNeuron"
"X1772071014_D03","iNeuron"
"X1772067065_D06","iNeuron"
"X1772067066_H08","iNeuron"
"X1772071017_G11","iNeuron"
"X1772071014_H12","iNeuron"
"X1772071015_F03","iNeuron"
"X1772071015_B11","iNeuron"
"X1772071014_G10","iNeuron"
"X1772067066_B07","iNeuron"
"X1772067065_G01","iNeuron"
"X1772071015_F07","iNeuron"
"X1772067065_E07","iNeuron"
"X1772071015_C10","iNeuron"
"X1772067063_E06","iNeuron"
"X1772067065_A11","iNeuron"
"X1772071015_G12","iNeuron"
"X1772067065_D01","iNeuron"
"X1772071015_A02","iNeuron"
"X1772071014_F01","iNeuron"
"X1772071015_D06","iNeuron"
"X1772071017_B02","iNeuron"
"X1772071017_D07","iNeuron"
"X1772071017_A11","iNeuron"
"X1772071017_B01","iNeuron"
"X1772071017_C07","iNeuron"
"X1772071015_H11","iNeuron"
"X1772071014_A05","iNeuron"
"X1772071017_A10","iNeuron"
"X1772071017_C08","iNeuron"
"X1772071017_B09","iNeuron"
"X1772067066_A09","iNeuron"
"X1772067065_A12","iNeuron"
"X1772071015_G04","iNeuron"
"X1772067066_B02","iNeuron"
"X1772071015_E06","iNeuron"
"X1772067064_E04","iNeuron"
"X1772071015_C01","iNeuron"
"X1772071014_F06","iNeuron"
"X1772071017_D10","iNeuron"
"X1772071017_C05","iNeuron"
"X1772071014_E05","iNeuron"
"X1772071017_E04","iNeuron"
"X1772058148_D08","iNeuron"
"X1772067065_F07","iNeuron"
"X1772062128_G08","iNeuron"
"X1772063077_B03","iNeuron"
"X1772062114_H03","iNeuron"
"X1772062114_E02","iNeuron"
"X1772063068_G07","iNeuron"
"X1772062115_A12","iNeuron"
"X1772062113_F08","iNeuron"
"X1772062115_G05","iNeuron"
"X1772063064_G08","iNeuron"
"X1772071040_A12","iNeuron"
"X1772063078_F01","iNeuron"
"X1772063078_F12","iNeuron"
"X1772062115_C05","iNeuron"
"X1772063064_G03","iNeuron"
"X1772062128_D11","iNeuron"
"X1772063078_B02","iNeuron"
"X1772062111_G03","iNeuron"
"X1772063061_H03","iNeuron"
"X1772067065_A02","iNeuron"
"X1772062128_G04","iNeuron"
"X1772062109_H03","iNeuron"
"X1772063063_F01","iNeuron"
"X1772062128_B10","iNeuron"
"X1772063061_B03","iNeuron"
"X1772063061_B05","iNeuron"
"X1772058177_G09","iNeuron"
"X1772071015_H07","iNeuron"
"X1772062109_H07","iNeuron"
"X1772071014_A06","iNeuron"
"X1772071015_A11","iNeuron"
"X1772071015_C09","iNeuron"
"X1772063071_A06","iNeuron"
"X1772058148_F09","iNeuron"
"X1772067066_H09","iNeuron"
"X1772067065_G10","iNeuron"
"X1772071015_A05","iNeuron"
"X1772067065_B10","iNeuron"
"X1772067065_A01","iNeuron"
"X1772062128_F10","iNeuron"
"X1772071017_H06","iNeuron"
"X1772071014_A12","iNeuron"
"X1772067065_F08","iNeuron"
"X1772058148_H04","iNeuron"
"X1772063077_H05","iNeuron"
"X1772067065_B12","iNeuron"
"X1772067065_G11","iNeuron"
"X1772067066_A10","iNeuron"
"X1772067066_E02","iNeuron"
"X1772067066_A11","iNeuron"
"X1772067065_B09","iNeuron"
"X1772067065_F10","iNeuron"
"X1772063063_H03","iNeuron"
"X1772071017_A01","iNeuron"
"X1772067066_D04","iNeuron"
"X1772067065_G12","iNeuron"
"X1772071017_G05","iNeuron"
"X1772071017_D12","iNeuron"
"X1772071015_A01","iNeuron"
"X1772071017_H10","iNeuron"
"X1772063070_B10","iNeuron"
"X1772063065_C02","iNeuron"
"X1772071015_E10","iNeuron"
"X1772062115_H01","iNeuron"
"X1772071041_B06","iNeuron"
"X1772071015_F05","iNeuron"
"X1772062115_G06","iNeuron"
"X1772071015_G09","iNeuron"
"X1772071017_G02","iNeuron"
"X1772062111_C11","iNeuron"
"X1772058148_H03","iNeuron"
"X1772071017_C10","iNeuron"
"X1772071014_B10","iNeuron"
"X1772062128_G06","iNeuron"
"X1772063068_F12","iNeuron"
"X1772063074_E11","iNeuron"
"X1772067073_C01","iNeuron"
"X1772058177_D04","iNeuron"
"X1772071017_D01","iNeuron"
"X1772058148_H08","iNeuron"
"X1772071015_E08","iNeuron"
"X1772071014_C04","iNeuron"
"X1772071017_A08","iNeuron"
"X1772063064_B06","iNeuron"
"X1772067065_A08","iNeuron"
"X1772071017_A06","iNeuron"
"X1772071014_F12","iNeuron"
"X1772071014_E02","iNeuron"
"X1772067069_H02","eNeuron"
"X1772063071_B07","eNeuron"
"X1772067073_F04","eNeuron"
"X1772067069_A03","eNeuron"
"X1772067066_E04","eNeuron"
"X1772067063_C05","eNeuron"
"X1772067069_C12","eNeuron"
"X1772067064_C12","eNeuron"
"X1772071041_F07","eNeuron"
"X1772071040_B04","eNeuron"
"X1772067063_E09","eNeuron"
"X1772067070_D04","eNeuron"
"X1772067064_C07","eNeuron"
"X1772067069_A11","eNeuron"
"X1772067064_H09","eNeuron"
"X1772071040_B01","eNeuron"
"X1772067064_B04","eNeuron"
"X1772063063_E12","eNeuron"
"X1772067069_D10","eNeuron"
"X1772062109_B03","eNeuron"
"X1772067064_C09","eNeuron"
"X1772067064_D02","eNeuron"
"X1772067069_H10","eNeuron"
"X1772071017_G01","eNeuron"
"X1772067063_B02","eNeuron"
"X1772060240_A07","eNeuron"
"X1772067073_A01","eNeuron"
"X1772067064_B01","eNeuron"
"X1772067074_A06","eNeuron"
"X1772062116_B04","eNeuron"
"X1772071041_G09","eNeuron"
"X1772067069_B02","eNeuron"
"X1772067070_C01","eNeuron"
"X1772067070_A03","eNeuron"
"X1772071017_C06","eNeuron"
"X1772067064_B05","eNeuron"
"X1772067073_C12","eNeuron"
"X1772067064_C02","eNeuron"
"X1772067070_G11","eNeuron"
"X1772067074_F07","eNeuron"
"X1772067069_G06","eNeuron"
"X1772067070_F07","eNeuron"
"X1772071041_H11","eNeuron"
"X1772067066_A06","eNeuron"
"X1772071040_G08","eNeuron"
"X1772067064_G02","eNeuron"
"X1772071040_E01","eNeuron"
"X1772067070_F03","eNeuron"
"X1772067074_D05","eNeuron"
"X1772067069_G03","eNeuron"
"X1772067070_E11","eNeuron"
"X1772071017_D11","eNeuron"
"X1772071041_E12","eNeuron"
"X1772071041_F09","eNeuron"
"X1772071041_D09","eNeuron"
"X1772071041_H12","eNeuron"
"X1772067073_F08","eNeuron"
"X1772071041_D04","eNeuron"
"X1772071040_F05","eNeuron"
"X1772071041_E01","eNeuron"
"X1772071041_G07","eNeuron"
"X1772071041_G03","eNeuron"
"X1772071041_H09","eNeuron"
"X1772071041_G08","eNeuron"
"X1772067070_G08","eNeuron"
"X1772067064_F02","eNeuron"
"X1772067064_F01","eNeuron"
"X1772063063_H02","eNeuron"
"X1772063065_C11","eNeuron"
"X1772063071_G03","eNeuron"
"X1772063068_A01","eNeuron"
"X1772063071_E06","eNeuron"
"X1772071041_A04","eNeuron"
"X1772063068_B01","eNeuron"
"X1772063070_F03","eNeuron"
"X1772063063_G11","eNeuron"
"X1772063062_H11","eNeuron"
"X1772063077_D06","eNeuron"
"X1772071041_H10","eNeuron"
"X1772063064_D02","eNeuron"
"X1772067074_C05","eNeuron"
"X1772067066_B03","eNeuron"
"X1772063068_F11","eNeuron"
"X1772067070_D06","eNeuron"
"X1772067074_B09","eNeuron"
"X1772063077_D12","eNeuron"
"X1772067074_F03","eNeuron"
"X1772071041_C05","eNeuron"
"X1772067070_G12","eNeuron"
"X1772071041_A02","eNeuron"
"X1772067074_B01","eNeuron"
"X1772062115_G01","eNeuron"
"X1772067063_B12","eNeuron"
"X1772067063_H04","eNeuron"
"X1772067073_G09","eNeuron"
"X1772067069_E04","eNeuron"
"X1772067073_C04","eNeuron"
"X1772063071_H01","eNeuron"
"X1772063065_A10","eNeuron"
"X1772063068_D04","eNeuron"
"X1772067069_F05","eNeuron"
"X1772063068_F07","eNeuron"
"X1772063068_A02","eNeuron"
"X1772063063_E04","eNeuron"
"X1772063065_F02","eNeuron"
"X1772067074_F12","eNeuron"
"X1772067064_A01","eNeuron"
"X1772063064_B11","eNeuron"
"X1772062128_E10","eNeuron"
"X1772063065_F03","eNeuron"
"X1772060224_B06","eNeuron"
"X1772071041_H05","eNeuron"
"X1772062109_E06","eNeuron"
"X1772071040_G09","eNeuron"
"X1772071041_E10","eNeuron"
"X1772062128_D07","eNeuron"
"X1772062128_D10","eNeuron"
"X1772063078_B12","eNeuron"
"X1772071041_A06","eNeuron"
"X1772060240_F12","eNeuron"
"X1772063065_D04","eNeuron"
"X1772062116_B11","eNeuron"
"X1772063078_A04","eNeuron"
"X1772063068_D03","eNeuron"
"X1772062128_D12","eNeuron"
"X1772063070_E01","eNeuron"
"X1772062116_G05","eNeuron"
"X1772063068_H12","eNeuron"
"X1772063070_B11","eNeuron"
"X1772071041_A05","eNeuron"
"X1772060240_H05","eNeuron"
"X1772063065_F04","eNeuron"
"X1772063065_G10","eNeuron"
"X1772067074_D10","eNeuron"
"X1772071040_B12","eNeuron"
"X1772063065_D12","eNeuron"
"X1772063065_B02","eNeuron"
"X1772067074_F10","eNeuron"
"X1772060224_H02","eNeuron"
"X1772063068_E06","eNeuron"
"X1772071041_B01","eNeuron"
"X1772060226_F11","eNeuron"
"X1772067069_C08","eNeuron"
"X1772063065_C08","eNeuron"
"X1772062116_A06","eNeuron"
"X1772063061_A05","eNeuron"
"X1772063068_F02","eNeuron"
"X1772060240_D06","eNeuron"
"X1772063063_D11","eNeuron"
"X1772062115_C11","eNeuron"
"X1772071041_C10","eNeuron"
"X1772060225_C12","eNeuron"
"X1772063068_G11","eNeuron"
"X1772067069_C05","eNeuron"
"X1772063065_C09","eNeuron"
"X1772063065_E02","eNeuron"
"X1772063068_G10","eNeuron"
"X1772067073_B04","eNeuron"
"X1772067074_D08","eNeuron"
"X1772071040_H01","eNeuron"
"X1772063062_F07","eNeuron"
"X1772062113_E01","eNeuron"
"X1772063071_E07","eNeuron"
"X1772063065_D02","eNeuron"
"X1772063071_C08","eNeuron"
"X1772063062_F05","eNeuron"
"X1772063068_A06","eNeuron"
"X1772066104_F10","eNeuron"
"X1772058177_G10","eNeuron"
"X1772063068_H01","eNeuron"
"X1772067073_F10","eNeuron"
"X1772063062_C04","eNeuron"
"X1772062109_A11","eNeuron"
"X1772063068_C10","eNeuron"
"X1772063068_G04","eNeuron"
"X1772063065_A03","eNeuron"
"X1772062128_A09","eNeuron"
"X1772063071_F08","eNeuron"
"X1772071015_D07","eNeuron"
"X1772071015_D08","eNeuron"
"X1772067064_A12","eNeuron"
"X1772067066_C03","eNeuron"
"X1772062109_F09","eNeuron"
"X1772060224_C03","eNeuron"
"X1772071040_H03","eNeuron"
"X1772063062_D03","eNeuron"
"X1772067064_A11","eNeuron"
"X1772067073_E06","eNeuron"
"X1772071040_F10","eNeuron"
"X1772071040_D11","eNeuron"
"X1772062116_B02","eNeuron"
"X1772071041_D08","eNeuron"
"X1772067064_G12","eNeuron"
"X1772062109_E09","eNeuron"
"X1772067074_A02","eNeuron"
"X1772067074_C04","eNeuron"
"X1772071040_F06","eNeuron"
"X1772067074_G06","eNeuron"
"X1772067063_B09","eNeuron"
"X1772071041_F02","eNeuron"
"X1772067073_B06","eNeuron"
"X1772067073_G04","eNeuron"
"X1772067070_B11","eNeuron"
"X1772062111_H10","eNeuron"
"X1772067063_A01","eNeuron"
"X1772071040_A11","eNeuron"
"X1772071041_E04","eNeuron"
"X1772062118_B11","eNeuron"
"X1772067070_G04","eNeuron"
"X1772071040_E02","eNeuron"
"X1772071041_D11","eNeuron"
"X1772071040_B06","eNeuron"
"X1772067070_H11","eNeuron"
"X1772063071_C01","eNeuron"
"X1772062111_B01","eNeuron"
"X1772063068_C01","eNeuron"
"X1772060240_B10","eNeuron"
"X1772060240_B01","eNeuron"
"X1772060225_E01","eNeuron"
"X1772063077_C12","eNeuron"
"X1772063065_F01","eNeuron"
"X1772062115_D01","eNeuron"
"X1772062118_A01","eNeuron"
"X1772063065_A01","eNeuron"
"X1772067070_D10","eNeuron"
"X1772071040_A01","eNeuron"
"X1772063068_B10","eNeuron"
"X1772067066_G02","eNeuron"
"X1772063077_G04","eNeuron"
"X1772063071_E01","eNeuron"
"X1772067070_D05","eNeuron"
"X1772062111_H11","eNeuron"
"X1772071041_B12","eNeuron"
"X1772063077_E05","eNeuron"
"X1772067073_F02","eNeuron"
"X1772062111_A09","eNeuron"
"X1772063061_A10","eNeuron"
"X1772062128_C12","eNeuron"
"X1772063061_A03","eNeuron"
"X1772063074_E06","eNeuron"
"X1772063064_H01","eNeuron"
"X1772071014_C08","eNeuron"
"X1772067064_H05","eNeuron"
"X1772063068_A12","eNeuron"
"X1772062109_H06","eNeuron"
"X1772062109_D03","eNeuron"
"X1772067065_G07","eNeuron"
"X1772062128_D01","eNeuron"
"X1772071014_H02","eNeuron"
"X1772063061_H04","eNeuron"
"X1772062115_C09","eNeuron"
"X1772063078_E02","eNeuron"
"X1772063061_H12","eNeuron"
"X1772063061_E05","eNeuron"
"X1772058177_G03","eNeuron"
"X1772063068_E07","eNeuron"
"X1772063061_C11","eNeuron"
"X1772063061_D11","eNeuron"
"X1772063061_E06","eNeuron"
"X1772063071_A03","eNeuron"
"X1772058171_C07","eNeuron"
"X1772063061_G12","eNeuron"
"X1772062128_H06","eNeuron"
"X1772062115_C08","eNeuron"
"X1772063061_C02","eNeuron"
"X1772063061_C06","eNeuron"
"X1772063061_H01","eNeuron"
"X1772063061_B06","eNeuron"
"X1772063071_E12","eNeuron"
"X1772058177_C10","eNeuron"
"X1772058177_H05","eNeuron"
"X1772063061_F06","eNeuron"
"X1772058177_H07","eNeuron"
"X1772058171_E01","eNeuron"
"X1772063061_A02","eNeuron"
"X1772063061_B01","eNeuron"
"X1772063068_F09","eNeuron"
"X1772063064_C02","eNeuron"
"X1772063061_G01","eNeuron"
"X1772063068_B04","eNeuron"
"X1772063077_C06","eNeuron"
"X1772063061_H08","eNeuron"
"X1772062128_E06","eNeuron"
"X1772063063_E11","eNeuron"
"X1772063070_F01","eNeuron"
"X1772063078_F03","eNeuron"
"X1772062115_D06","eNeuron"
"X1772063062_D12","eNeuron"
"X1772062113_D06","eNeuron"
"X1772063062_D06","eNeuron"
"X1772062114_F10","eNeuron"
"X1772063078_C04","eNeuron"
"X1772063068_C12","eNeuron"
"X1772062109_G11","eNeuron"
"X1772062115_E09","eNeuron"
"X1772063062_A03","eNeuron"
"X1772062114_G07","eNeuron"
"X1772062113_G03","eNeuron"
"X1772067063_H06","eNeuron"
"X1772062114_A02","eNeuron"
"X1772062109_D07","eNeuron"
"X1772062113_E03","eNeuron"
"X1772067073_H12","eNeuron"
"X1772062111_H03","eNeuron"
"X1772067073_D11","eNeuron"
"X1772063071_D09","eNeuron"
"X1772063071_E09","eNeuron"
"X1772062113_D03","eNeuron"
"X1772063070_D11","eNeuron"
"X1772067074_D06","eNeuron"
"X1772063063_A07","eNeuron"
"X1772062111_C10","eNeuron"
"X1772071041_E08","eNeuron"
"X1772063065_D09","eNeuron"
"X1772062111_E07","eNeuron"
"X1772067070_F11","eNeuron"
"X1772063063_H04","eNeuron"
"X1772067073_D12","eNeuron"
"X1772071040_G12","eNeuron"
"X1772062115_E10","eNeuron"
"X1772063068_E12","eNeuron"
"X1772060225_E04","eNeuron"
"X1772063068_G01","eNeuron"
"X1772063065_B10","eNeuron"
"X1772063065_H05","eNeuron"
"X1772060224_F11","eNeuron"
"X1772062113_A04","eNeuron"
"X1772071040_H08","eNeuron"
"X1772063074_C06","eNeuron"
"X1772063065_A08","eNeuron"
"X1772063071_B03","eNeuron"
"X1772063071_E05","eNeuron"
"X1772062113_B05","eNeuron"
"X1772063078_E04","eNeuron"
"X1772063068_C02","eNeuron"
"X1772063068_E08","eNeuron"
"X1772063068_C05","eNeuron"
"X1772063070_D09","eNeuron"
"X1772063077_B04","eNeuron"
"X1772062114_B06","eNeuron"
"X1772063065_B05","eNeuron"
"X1772063078_D10","eNeuron"
"X1772063078_E06","eNeuron"
"X1772063078_G09","eNeuron"
"X1772063070_F09","eNeuron"
"X1772063068_B07","eNeuron"
"X1772063068_A07","eNeuron"
"X1772062114_G09","eNeuron"
"X1772060224_C05","eNeuron"
"X1772063078_C10","eNeuron"
"X1772062128_F12","eNeuron"
"X1772060240_F09","eNeuron"
"X1772062128_A11","eNeuron"
"X1772060240_E07","eNeuron"
"X1772060240_E09","eNeuron"
"X1772060240_D04","eNeuron"
"X1772063068_D02","eNeuron"
"X1772063063_A02","eNeuron"
"X1772063068_E03","eNeuron"
"X1772060240_A02","eNeuron"
"X1772060240_C06","eNeuron"
"X1772060240_B09","eNeuron"
"X1772060240_A05","eNeuron"
"X1772060240_G02","eNeuron"
"X1772063065_A06","eNeuron"
"X1772063077_B02","eNeuron"
"X1772063068_E02","eNeuron"
"X1772063068_C11","eNeuron"
"X1772063068_C06","eNeuron"
"X1772063077_A07","eNeuron"
"X1772067069_B11","eNeuron"
"X1772071040_C06","eNeuron"
"X1772071040_D07","eNeuron"
"X1772062116_E12","eNeuron"
"X1772067070_D03","eNeuron"
"X1772062111_B08","eNeuron"
"X1772071040_H11","eNeuron"
"X1772067070_C07","eNeuron"
"X1772071017_A02","eNeuron"
"X1772062109_C04","eNeuron"
"X1772071017_G07","eNeuron"
"X1772067074_A09","eNeuron"
"X1772071041_C06","eNeuron"
"X1772067070_D09","eNeuron"
"X1772067063_C06","eNeuron"
"X1772063063_D03","eNeuron"
"X1772071041_B09","eNeuron"
"X1772067066_D09","eNeuron"
"X1772071017_E11","eNeuron"
"X1772071017_B07","eNeuron"
"X1772060225_G12","eNeuron"
"X1772071041_A09","eNeuron"
"X1772067069_D09","eNeuron"
"X1772062116_F11","eNeuron"
"X1772066104_H07","eNeuron"
"X1772066104_H05","eNeuron"
"X1772066104_G09","eNeuron"
"X1772066104_A04","eNeuron"
"X1772066104_A01","eNeuron"
"X1772067064_G07","Olig"
"X1772067070_D08","Olig"
"X1772058177_D03","Olig"
"X1772067074_C07","Olig"
"X1772063070_G03","Olig"
"X1772058177_D09","Olig"
"X1772063063_C07","Olig"
"X1772062114_G10","Olig"
"X1772063061_G05","Olig"
"X1772058171_C02","Olig"
"X1772067063_D03","Olig"
"X1772062111_F07","Olig"
"X1772067070_A05","Olig"
"X1772062111_H05","Olig"
"X1772062114_A12","Olig"
"X1772060226_F05","Olig"
"X1772062115_A09","Olig"
"X1772062109_A05","Olig"
"X1772062116_B05","Olig"
"X1772060240_A10","Olig"
"X1772062115_D07","Olig"
"X1772063063_F08","Olig"
"X1772060224_G07","Olig"
"X1772060224_B04","Olig"
"X1772062115_C01","Olig"
"X1772060225_A11","Olig"
"X1772063078_B09","Olig"
"X1772063062_E07","Olig"
"X1772062115_G09","Olig"
"X1772063078_A11","Olig"
"X1772060225_A05","Olig"
"X1772062115_F08","Olig"
"X1772062128_B02","Olig"
"X1772058177_E11","Olig"
"X1772063061_A09","Olig"
"X1772058177_A06","Olig"
"X1772058171_F09","Olig"
"X1772058171_B01","Olig"
"X1772058177_E10","Olig"
"X1772058171_H07","Olig"
"X1772067073_B03","Olig"
"X1772067069_H05","Olig"
"X1772063063_E07","Olig"
"X1772067069_B03","Olig"
"X1772067074_E07","Olig"
"X1772067069_F06","Olig"
"X1772060240_C09","Olig"
"X1772063063_F03","Olig"
"X1772063063_B04","Olig"
"X1772063061_A11","Olig"
"X1772063063_C02","Olig"
"X1772060240_F11","Olig"
"X1772063063_F05","Olig"
"X1772060225_F06","Olig"
"X1772063063_F10","Olig"
"X1772060225_E07","Olig"
"X1772060225_D10","Olig"
"X1772060225_B07","Olig"
"X1772063063_E10","Olig"
"X1772060226_G12","Olig"
"X1772060226_F10","Olig"
"X1772062109_B08","Olig"
"X1772063079_C10","Olig"
"X1772060225_H11","Olig"
"X1772062111_F10","Olig"
"X1772062111_F05","Olig"
"X1772058177_D02","Olig"
"X1772062128_F06","Olig"
"X1772062111_F11","Olig"
"X1772062111_F06","Olig"
"X1772062109_C06","Olig"
"X1772062113_G05","Olig"
"X1772062111_C08","Olig"
"X1772062109_A03","Olig"
"X1772062111_C01","Olig"
"X1772062111_E06","Olig"
"X1772062109_H10","Olig"
"X1772063077_C03","Olig"
"X1772062116_A12","Olig"
"X1772062109_E07","Olig"
"X1772062128_B11","Olig"
"X1772062116_H06","Olig"
"X1772062113_D10","Olig"
"X1772062109_G03","Olig"
"X1772062114_B01","Olig"
"X1772062113_H02","Olig"
"X1772063074_C02","Olig"
"X1772062118_E08","Olig"
"X1772063077_B07","Olig"
"X1772062114_B10","Olig"
"X1772062113_B09","Olig"
"X1772062113_D01","Olig"
"X1772062109_E08","Olig"
"X1772062113_D08","Olig"
"X1772062113_G12","Olig"
"X1772062115_H08","Olig"
"X1772062116_F01","Olig"
"X1772062115_C03","Olig"
"X1772062115_G07","Olig"
"X1772062118_G05","Olig"
"X1772071041_E05","Olig"
"X1772063061_H11","Olig"
"X1772067065_G08","Olig"
"X1772071040_D02","Olig"
"X1772071041_G10","Olig"
"X1772067066_C04","Olig"
"X1772071041_F05","Olig"
"X1772063070_E07","Olig"
"X1772063070_H07","Olig"
"X1772071041_F06","Olig"
"X1772067066_B04","Olig"
"X1772067074_F09","Olig"
"X1772071040_C12","Olig"
"X1772071040_C10","Olig"
"X1772058148_G09","Olig"
"X1772067066_H05","Olig"
"X1772067064_G04","Olig"
"X1772067064_H01","Olig"
"X1772067073_D10","Olig"
"X1772067073_F06","Olig"
"X1772071041_D10","Olig"
"X1772058148_F07","Olig"
"X1772067069_D04","Olig"
"X1772058148_A01","Olig"
"X1772058148_G08","Olig"
"X1772067064_B10","Olig"
"X1772063070_G01","Olig"
"X1772067070_H09","Olig"
"X1772058148_G11","Olig"
"X1772067066_E12","Olig"
"X1772067064_D10","Olig"
"X1772067063_B07","Olig"
"X1772062118_D03","Olig"
"X1772067074_F05","Olig"
"X1772071040_C04","Olig"
"X1772063070_C06","Olig"
"X1772058148_A03","Olig"
"X1772058148_B08","Olig"
"X1772058148_D07","Olig"
"X1772067073_C02","Olig"
"X1772067073_G10","Olig"
"X1772062116_C06","Olig"
"X1772062116_A02","Olig"
"X1772062116_G03","Olig"
"X1772062118_D02","Olig"
"X1772067073_E11","Olig"
"X1772063062_B03","Olig"
"X1772071040_A06","Olig"
"X1772058148_F02","Olig"
"X1772058148_A10","Olig"
"X1772067074_D12","Olig"
"X1772062116_F05","Olig"
"X1772067074_E11","Olig"
"X1772067064_B06","Olig"
"X1772067073_D01","Olig"
"X1772067069_A09","Olig"
"X1772071041_D06","Olig"
"X1772071040_H06","Olig"
"X1772071040_H10","Olig"
"X1772062111_B11","Olig"
"X1772067064_C08","Olig"
"X1772067069_A02","Olig"
"X1772060240_H04","Olig"
"X1772062116_B06","Olig"
"X1772063063_H07","Olig"
"X1772067074_A11","Olig"
"X1772062111_B02","Olig"
"X1772067074_F04","Olig"
"X1772063063_D08","Olig"
"X1772071040_G11","Olig"
"X1772063063_G10","Olig"
"X1772071040_D04","Olig"
"X1772062118_C04","Olig"
"X1772062109_C12","Olig"
"X1772062109_H04","Olig"
"X1772071040_G05","Olig"
"X1772060240_F06","Olig"
"X1772071040_C11","Olig"
"X1772067064_C10","Olig"
"X1772063070_G06","Olig"
"X1772062128_H02","Olig"
"X1772062128_D03","Olig"
"X1772063061_B12","Olig"
"X1772058148_C02","Olig"
"X1772062116_C11","Olig"
"X1772063061_F04","Olig"
"X1772060225_D12","Olig"
"X1772058177_C06","Olig"
"X1772060240_B12","Olig"
"X1772062113_B06","Olig"
"X1772062114_H12","Olig"
"X1772063062_A06","Olig"
"X1772062109_G05","Olig"
"X1772063079_C12","Olig"
"X1772062116_G06","Olig"
"X1772062113_G01","Olig"
"X1772062113_F02","Olig"
"X1772062113_B01","Olig"
"X1772062111_C09","Olig"
"X1772062111_G02","Olig"
"X1772060224_A07","Olig"
"X1772062113_F07","Olig"
"X1772062114_F03","Olig"
"X1772062111_D11","Olig"
"X1772058171_F05","Olig"
"X1772062111_E03","Olig"
"X1772062113_A05","Olig"
"X1772060224_C04","Olig"
"X1772058171_G08","Olig"
"X1772062113_B04","Olig"
"X1772062113_D09","Olig"
"X1772062109_C07","Olig"
"X1772062109_F01","Olig"
"X1772062113_G11","Olig"
"X1772062114_A03","Olig"
"X1772058177_A02","Olig"
"X1772058171_C03","Olig"
"X1772062109_A07","Olig"
"X1772063061_A07","Olig"
"X1772062111_G01","Olig"
"X1772058171_C12","Olig"
"X1772058171_D10","Olig"
"X1772062109_B01","Olig"
"X1772063079_F07","Olig"
"X1772058171_H02","Olig"
"X1772062128_H11","Olig"
"X1772062111_D05","Olig"
"X1772062113_C03","Olig"
"X1772062116_B12","Olig"
"X1772062118_F02","Olig"
"X1772062114_C07","Olig"
"X1772062118_F08","Olig"
"X1772062114_B03","Olig"
"X1772058171_D06","Olig"
"X1772063062_C10","Olig"
"X1772058171_C09","Olig"
"X1772063062_C07","Olig"
"X1772062116_E08","Olig"
"X1772062116_E07","Olig"
"X1772062113_B03","Olig"
"X1772062116_A09","Olig"
"X1772062114_E11","Olig"
"X1772062128_H05","Olig"
"X1772058148_A06","Olig"
"X1772062111_G11","Olig"
"X1772062113_A01","Olig"
"X1772060224_G06","Olig"
"X1772062109_A12","Olig"
"X1772062115_B06","Olig"
"X1772071040_D12","Olig"
"X1772058171_F06","Olig"
"X1772063063_D06","Olig"
"X1772062116_D04","Olig"
"X1772063064_D06","Olig"
"X1772063074_G12","Olig"
"X1772062113_A02","Olig"
"X1772058148_A04","Olig"
"X1772062113_A12","Olig"
"X1772063062_H08","Olig"
"X1772063063_B06","Olig"
"X1772062113_F03","Olig"
"X1772062109_C03","Olig"
"X1772062116_F04","Olig"
"X1772063062_G01","Olig"
"X1772062116_E02","Olig"
"X1772063062_C01","Olig"
"X1772063074_H11","Olig"
"X1772063079_D07","Olig"
"X1772071040_G04","Olig"
"X1772063063_A01","Olig"
"X1772063063_A12","Olig"
"X1772071014_D12","Olig"
"X1772062109_A09","Olig"
"X1772067069_G04","Olig"
"X1772062111_E11","Olig"
"X1772063074_A11","Olig"
"X1772063062_G11","Olig"
"X1772062118_H04","Olig"
"X1772062109_F04","Olig"
"X1772060240_C04","Olig"
"X1772067074_F06","Olig"
"X1772063063_B10","Olig"
"X1772071041_A08","Olig"
"X1772063062_B04","Olig"
"X1772062114_E05","Olig"
"X1772063077_D02","Olig"
"X1772060240_G11","Olig"
"X1772063074_C12","Olig"
"X1772062118_H10","Olig"
"X1772060224_H04","Olig"
"X1772060240_F04","Olig"
"X1772063062_F12","Olig"
"X1772062115_D05","Olig"
"X1772071040_D05","Olig"
"X1772063074_G07","Olig"
"X1772063063_G02","Olig"
"X1772063061_G08","Olig"
"X1772063061_D10","Olig"
"X1772062114_E06","Olig"
"X1772062111_E04","Olig"
"X1772060224_H05","Olig"
"X1772063062_D05","Olig"
"X1772063061_D01","Olig"
"X1772060240_F02","Olig"
"X1772062114_F05","Olig"
"X1772071041_A12","Olig"
"X1772062116_H05","Olig"
"X1772063062_G05","Olig"
"X1772063062_E08","Olig"
"X1772063062_E11","Olig"
"X1772062118_C01","Olig"
"X1772071040_A08","Olig"
"X1772062128_A01","Olig"
"X1772063078_H04","Olig"
"X1772063063_C10","Olig"
"X1772062113_G09","Olig"
"X1772062115_E01","Olig"
"X1772063074_F10","Olig"
"X1772063068_D10","Olig"
"X1772063062_E01","Olig"
"X1772063063_B11","Olig"
"X1772063062_A08","Olig"
"X1772060225_E02","Olig"
"X1772063061_F05","Olig"
"X1772071041_A10","Olig"
"X1772062118_A03","Olig"
"X1772063079_F04","Olig"
"X1772071041_B04","Olig"
"X1772062116_A11","Olig"
"X1772062118_B03","Olig"
"X1772063061_G11","Olig"
"X1772063061_D12","Olig"
"X1772063078_B01","Olig"
"X1772062113_B11","Olig"
"X1772062115_A04","Olig"
"X1772060225_G01","Olig"
"X1772063078_E11","Olig"
"X1772060225_C05","Olig"
"X1772062115_D04","Olig"
"X1772063078_B06","Olig"
"X1772062118_F10","Olig"
"X1772063068_G06","Olig"
"X1772063078_C07","Olig"
"X1772063078_B07","Olig"
"X1772062113_A08","Olig"
"X1772062115_C06","Olig"
"X1772060225_C11","Olig"
"X1772063077_E09","Olig"
"X1772063074_A04","Olig"
"X1772063074_G04","Olig"
"X1772062115_B10","Olig"
"X1772060225_G04","Olig"
"X1772060224_A11","Olig"
"X1772060224_B03","Olig"
"X1772060224_C10","Olig"
"X1772062115_C04","Olig"
"X1772062111_B04","Olig"
"X1772060225_C07","Olig"
"X1772062114_B09","Olig"
"X1772063062_F03","Olig"
"X1772063078_F05","Olig"
"X1772063078_C09","Olig"
"X1772060240_F10","Olig"
"X1772062116_E04","Olig"
"X1772063078_C08","Olig"
"X1772063078_F02","Olig"
"X1772063078_B11","Olig"
"X1772062115_A02","Olig"
"X1772060224_D03","Olig"
"X1772062111_A12","Olig"
"X1772063078_F11","Olig"
"X1772060240_G10","Olig"
"X1772062116_E01","Olig"
"X1772060225_G06","Olig"
"X1772060240_A12","Olig"
"X1772063079_C01","Olig"
"X1772060224_A06","Olig"
"X1772063061_H10","Olig"
"X1772062114_D06","Olig"
"X1772063061_C05","Olig"
"X1772060225_F12","Olig"
"X1772063061_E08","Olig"
"X1772062118_E02","Olig"
"X1772062114_H05","Olig"
"X1772063061_C03","Olig"
"X1772062114_H10","Olig"
"X1772062115_A06","Olig"
"X1772062114_B12","Olig"
"X1772063079_E08","Olig"
"X1772063061_B11","Olig"
"X1772063061_F11","Olig"
"X1772062114_A08","Olig"
"X1772063078_G08","Olig"
"X1772063074_A09","Olig"
"X1772060225_B12","Olig"
"X1772063079_A06","Olig"
"X1772063077_D09","Olig"
"X1772060224_A02","Olig"
"X1772062118_B05","Olig"
"X1772060225_F09","Olig"
"X1772063074_G10","Olig"
"X1772063079_A12","Olig"
"X1772063079_D01","Olig"
"X1772063074_F12","Olig"
"X1772067073_A08","Olig"
"X1772063077_C01","Olig"
"X1772060225_A12","Olig"
"X1772063079_F09","Olig"
"X1772063078_A03","Olig"
"X1772062114_H04","Olig"
"X1772062115_D03","Olig"
"X1772063064_E03","Olig"
"X1772063079_D08","Olig"
"X1772060224_E09","Olig"
"X1772063079_H03","Olig"
"X1772062111_H07","Olig"
"X1772060224_H11","Olig"
"X1772063074_H10","Olig"
"X1772063064_D09","Olig"
"X1772062116_F10","Olig"
"X1772063078_E03","Olig"
"X1772060224_B05","Olig"
"X1772060224_D01","Olig"
"X1772063079_D09","Olig"
"X1772063063_H08","Olig"
"X1772060225_G07","Olig"
"X1772060226_D12","Olig"
"X1772063062_D01","Olig"
"X1772063064_H11","Olig"
"X1772062114_D10","Olig"
"X1772060225_H12","Olig"
"X1772060226_A01","Olig"
"X1772060226_A11","Olig"
"X1772060226_D01","Olig"
"X1772060226_D11","Olig"
"X1772060225_D07","Olig"
"X1772060226_F06","Olig"
"X1772060226_A07","Olig"
"X1772060226_D03","Olig"
"X1772060226_D04","Olig"
"X1772060226_E10","Olig"
"X1772060226_B11","Olig"
"X1772060226_A08","Olig"
"X1772060226_G04","Olig"
"X1772060226_H11","Olig"
"X1772060226_G06","Olig"
"X1772060226_H04","Olig"
"X1772060226_G11","Olig"
"X1772060226_F04","Olig"
"X1772060226_F08","Olig"
"X1772060226_C07","Olig"
"X1772060226_B03","Olig"
"X1772060226_G05","Olig"
"X1772060226_A12","Olig"
"X1772063065_F12","Olig"
"X1772060226_B04","Olig"
"X1772060226_B10","Olig"
"X1772062114_A06","Olig"
"X1772060226_C04","Olig"
"X1772060226_H01","Olig"
"X1772060226_B07","Olig"
"X1772062115_E11","Olig"
"X1772060226_G10","Olig"
"X1772060226_A06","Olig"
"X1772060226_B02","Olig"
"X1772060226_E05","Olig"
"X1772060226_C03","Olig"
"X1772060226_E12","Olig"
"X1772060226_D06","Olig"
"X1772060226_A10","Olig"
"X1772060226_E11","Olig"
"X1772060226_B12","Olig"
"X1772060225_E12","Olig"
"X1772062115_E07","Olig"
"X1772063068_F10","Olig"
"X1772062111_B05","Olig"
"X1772062111_C06","Olig"
"X1772063065_H06","Olig"
"X1772062111_C02","Olig"
"X1772060225_B06","Olig"
"X1772062128_E11","Olig"
"X1772058148_B06","Olig"
"X1772063079_E02","Olig"
"X1772060225_A07","Olig"
"X1772063074_A12","Olig"
"X1772062118_G06","Olig"
"X1772062114_F08","Olig"
"X1772062115_C10","Olig"
"X1772062128_C05","Olig"
"X1772063077_F04","Olig"
"X1772060225_H10","Olig"
"X1772063074_H05","Olig"
"X1772060224_A01","Olig"
"X1772060225_C02","Olig"
"X1772062109_F08","Olig"
"X1772062115_G04","Olig"
"X1772060225_D08","Olig"
"X1772062115_F05","Olig"
"X1772060224_B08","Olig"
"X1772062115_B03","Olig"
"X1772063074_C03","Olig"
"X1772062113_E10","Olig"
"X1772063068_A09","Olig"
"X1772060224_F03","Olig"
"X1772062128_G11","Olig"
"X1772060225_C04","Olig"
"X1772060225_D09","Olig"
"X1772062113_C09","Olig"
"X1772062128_B04","Olig"
"X1772063062_F08","Olig"
"X1772063068_E05","Olig"
"X1772062114_C06","Olig"
"X1772060224_C08","Olig"
"X1772063061_D05","Olig"
"X1772062109_D10","Olig"
"X1772063077_A12","Olig"
"X1772063078_D05","Olig"
"X1772063078_B08","Olig"
"X1772063071_A05","Olig"
"X1772063078_A09","Olig"
"X1772063062_D10","Olig"
"X1772063065_D03","Olig"
"X1772063079_G07","Olig"
"X1772063068_B05","Olig"
"X1772063077_D10","Olig"
"X1772063068_F06","Olig"
"X1772063078_G01","Olig"
"X1772063065_B03","Olig"
"X1772062109_C11","Olig"
"X1772063078_D09","Olig"
"X1772063065_H08","Olig"
"X1772063062_D08","Olig"
"X1772063074_E01","Olig"
"X1772062111_G04","Olig"
"X1772063064_G09","Olig"
"X1772067070_C09","Olig"
"X1772060225_D06","Olig"
"X1772062109_B11","Olig"
"X1772062115_A10","Olig"
"X1772062118_D10","Olig"
"X1772063068_H06","Olig"
"X1772062111_A10","Olig"
"X1772063065_A02","Olig"
"X1772063062_F09","Olig"
"X1772063062_F01","Olig"
"X1772060226_H10","Olig"
"X1772062118_H05","Olig"
"X1772062118_B06","Olig"
"X1772062116_F08","Olig"
"X1772067074_A01","Olig"
"X1772062111_E08","Olig"
"X1772063078_D12","Olig"
"X1772062111_C03","Olig"
"X1772062111_D09","Olig"
"X1772062118_C07","Olig"
"X1772063079_H01","Olig"
"X1772063063_E02","Olig"
"X1772058171_E06","Olig"
"X1772062128_H08","Olig"
"X1772066104_C11","Olig"
"X1772063063_C08","Olig"
"X1772062118_H03","Olig"
"X1772063074_E07","Olig"
"X1772063063_A04","Olig"
"X1772058148_G01","Olig"
"X1772058148_E07","Olig"
"X1772063061_E07","Olig"
"X1772062128_E09","Olig"
"X1772067070_C12","Olig"
"X1772062128_G02","Olig"
"X1772058177_D06","Olig"
"X1772058177_F03","Olig"
"X1772062128_E12","Olig"
"X1772062128_F09","Olig"
"X1772058177_D08","Olig"
"X1772062118_A05","Olig"
"X1772063063_E06","Olig"
"X1772062128_C01","Olig"
"X1772063063_E05","Olig"
"X1772062128_D09","Olig"
"X1772067064_A09","Olig"
"X1772062115_G11","Olig"
"X1772063063_A11","Olig"
"X1772063070_D01","Olig"
"X1772058148_B01","Olig"
"X1772058148_A11","Olig"
"X1772067063_G11","Olig"
"X1772062128_F08","Olig"
"X1772058148_A09","Olig"
"X1772063074_B06","Olig"
"X1772058177_E04","Olig"
"X1772062115_E03","Olig"
"X1772062118_H12","Olig"
"X1772062111_C04","Olig"
"X1772062115_H05","Olig"
"X1772062109_B05","Olig"
"X1772062109_D04","Olig"
"X1772060224_D10","Olig"
"X1772063074_A01","Olig"
"X1772062118_C10","Olig"
"X1772063062_E06","Olig"
"X1772062118_G11","Olig"
"X1772062111_C05","Olig"
"X1772062115_B11","Olig"
"X1772062115_G12","Olig"
"X1772062118_F01","Olig"
"X1772063062_H01","Olig"
"X1772062113_D12","Olig"
"X1772062111_E12","Olig"
"X1772062113_C02","Olig"
"X1772062114_A01","Olig"
"X1772062118_D05","Olig"
"X1772062118_G02","Olig"
"X1772062115_B08","Olig"
"X1772062109_H02","Olig"
"X1772062111_B07","Olig"
"X1772062111_B10","Olig"
"X1772062109_F06","Olig"
"X1772062113_C06","Olig"
"X1772062113_C11","Olig"
"X1772063070_C10","Olig"
"X1772062111_A07","Olig"
"X1772062111_H04","Olig"
"X1772063061_F12","Olig"
"X1772063079_H02","Olig"
"X1772062118_E01","Olig"
"X1772062115_E04","Olig"
"X1772062109_F12","Olig"
"X1772063070_D05","Olig"
"X1772062113_G06","Olig"
"X1772063061_E12","Olig"
"X1772062113_E02","Olig"
"X1772062113_H11","Olig"
"X1772062111_H02","Olig"
"X1772062113_D04","Olig"
"X1772063079_D02","Olig"
"X1772063079_E09","Olig"
"X1772063061_D02","Olig"
"X1772063078_F04","Olig"
"X1772062113_F12","Olig"
"X1772063079_C04","Olig"
"X1772062116_H02","Olig"
"X1772058171_B09","Olig"
"X1772062115_C07","Olig"
"X1772063064_E07","Olig"
"X1772063079_D11","Olig"
"X1772062113_E07","Olig"
"X1772058171_B04","Olig"
"X1772058177_E07","Olig"
"X1772058177_D12","Olig"
"X1772058171_E07","Olig"
"X1772058177_C01","Olig"
"X1772058171_A02","Olig"
"X1772058171_B05","Olig"
"X1772062111_E05","Olig"
"X1772058171_D03","Olig"
"X1772058177_A03","Olig"
"X1772058171_E02","Olig"
"X1772058171_A04","Olig"
"X1772063074_D10","Olig"
"X1772058171_G01","Olig"
"X1772058177_E06","Olig"
"X1772058177_C02","Olig"
"X1772058177_B05","Olig"
"X1772058171_D04","Olig"
"X1772058171_D01","Olig"
"X1772058177_F08","Olig"
"X1772058171_C01","Olig"
"X1772058171_F03","Olig"
"X1772058171_A11","Olig"
"X1772058171_G11","Olig"
"X1772058171_A09","Olig"
"X1772058171_F08","Olig"
"X1772058177_F06","Olig"
"X1772058171_B08","Olig"
"X1772058171_G03","Olig"
"X1772058177_A01","Olig"
"X1772058177_B06","Olig"
"X1772058148_G12","Olig"
"X1772058171_B07","Olig"
"X1772058177_G05","Olig"
"X1772063064_F07","Olig"
"X1772058171_E10","Olig"
"X1772058171_B06","Olig"
"X1772058177_E12","Olig"
"X1772058171_D02","Olig"
"X1772058177_B04","Olig"
"X1772062128_F04","Olig"
"X1772058171_D08","Olig"
"X1772058171_E05","Olig"
"X1772058177_B09","Olig"
"X1772058177_C12","Olig"
"X1772058177_D05","Olig"
"X1772058171_G10","Olig"
"X1772058171_C04","Olig"
"X1772058171_C08","Olig"
"X1772058171_C10","Olig"
"X1772062128_C10","Olig"
"X1772063061_B04","Olig"
"X1772058171_F04","microglia"
"X1772060226_D02","microglia"
"X1772062109_F11","microglia"
"X1772058148_F06","microglia"
"X1772058177_A09","microglia"
"X1772058177_A07","microglia"
"X1772060225_E03","microglia"
"X1772058177_D10","microglia"
"X1772058177_D11","microglia"
"X1772062109_D01","microglia"
"X1772058177_C03","microglia"
"X1772062109_E05","microglia"
"X1772062128_F05","microglia"
"X1772067070_C04","microglia"
"X1772058148_E12","microglia"
"X1772058148_D12","microglia"
"X1772058148_A05","microglia"
"X1772066104_B07","microglia"
"X1772062111_G10","microglia"
"X1772060226_E03","microglia"
"X1772060240_H11","microglia"
"X1772058177_A12","microglia"
"X1772062128_C02","microglia"
"X1772058171_C05","microglia"
"X1772062128_A07","microglia"
"X1772058177_E01","microglia"
"X1772058177_B11","microglia"
"X1772058177_F07","microglia"
"X1772058177_G04","microglia"
"X1772063074_B03","microglia"
"X1772058171_F11","microglia"
"X1772062113_A11","microglia"
"X1772062111_H06","microglia"
"X1772063061_F10","microglia"
"X1772062116_D02","microglia"
"X1772062115_A07","microglia"
"X1772062115_C02","microglia"
"X1772062109_E12","microglia"
"X1772062109_D06","microglia"
"X1772062128_D02","microglia"
"X1772062118_F04","microglia"
"X1772063078_G02","microglia"
"X1772063063_H11","microglia"
"X1772062118_A11","microglia"
"X1772060224_F07","microglia"
"X1772063077_F06","microglia"
"X1772062111_A05","microglia"
"X1772060224_B12","microglia"
"X1772067064_D12","microglia"
"X1772060240_F05","microglia"
"X1772063077_E03","microglia"
"X1772063074_F08","microglia"
"X1772058177_F04","microglia"
"X1772067074_D04","microglia"
"X1772062111_G06","microglia"
"X1772062109_D12","microglia"
"X1772062109_A06","microglia"
"X1772062113_E05","microglia"
"X1772062111_F12","microglia"
"X1772062118_H01","microglia"
"X1772063074_H12","microglia"
"X1772067064_B09","microglia"
"X1772060224_H07","microglia"
"X1772067070_C02","microglia"
"X1772060240_H10","microglia"
"X1772062116_G09","microglia"
"X1772063077_D08","microglia"
"X1772063063_A03","microglia"
"X1772060226_H12","microglia"
"X1772062118_F03","microglia"
"X1772063062_D07","microglia"
"X1772062128_H04","microglia"
"X1772062118_E06","microglia"
"X1772060225_F05","microglia"
"X1772060226_F12","microglia"
"X1772062115_H11","microglia"
"X1772062109_C05","microglia"
"X1772058177_E03","microglia"
"X1772060224_B07","microglia"
"X1772060226_H02","microglia"
"X1772062118_D09","microglia"
"X1772062118_F11","microglia"
"X1772062111_D12","microglia"
"X1772062128_B03","microglia"
"X1772063071_E02","endo_mural"
"X1772063064_A11","endo_mural"
"X1772060224_B09","endo_mural"
"X1772063078_H11","endo_mural"
"X1772063061_G03","endo_mural"
"X1772063071_D01","endo_mural"
"X1772063064_B05","endo_mural"
"X1772062111_E02","endo_mural"
"X1772063062_H12","endo_mural"
"X1772058177_C08","endo_mural"
"X1772058148_A07","endo_mural"
"X1772060240_A03","endo_mural"
"X1772067070_H08","endo_mural"
"X1772063079_C02","endo_mural"
"X1772063071_A01","endo_mural"
"X1772063079_A09","endo_mural"
"X1772067070_C05","endo_mural"
"X1772063079_A11","endo_mural"
"X1772062113_G08","endo_mural"
"X1772062128_G09","endo_mural"
"X1772060240_D11","endo_mural"
"X1772062113_D11","endo_mural"
"X1772063063_B01","endo_mural"
"X1772058171_E12","endo_mural"
"X1772063064_F06","endo_mural"
"X1772058148_H05","endo_mural"
"X1772058177_G06","endo_mural"
"X1772058177_H06","endo_mural"
"X1772058177_H02","endo_mural"
"X1772058177_D01","endo_mural"
"X1772058171_E11","endo_mural"
"X1772058177_F10","endo_mural"
"X1772058171_G09","endo_mural"
"X1772058171_G07","endo_mural"
"X1772058177_F12","endo_mural"
"X1772058177_G12","endo_mural"
"X1772058171_F01","endo_mural"
"X1772058171_H05","endo_mural"
"X1772058171_G05","endo_mural"
"X1772062128_D06","endo_mural"
"X1772063079_B05","endo_mural"
"X1772062109_H08","endo_mural"
"X1772062109_D05","endo_mural"
"X1772062111_D07","endo_mural"
"X1772063077_D11","endo_mural"
"X1772062113_H07","endo_mural"
"X1772062111_G12","endo_mural"
"X1772063079_C11","endo_mural"
"X1772063079_H12","endo_mural"
"X1772060224_E05","endo_mural"
"X1772063070_F11","endo_mural"
"X1772062114_A09","endo_mural"
"X1772062111_H12","endo_mural"
"X1772063070_B04","endo_mural"
"X1772063064_E04","endo_mural"
"X1772058177_G07","endo_mural"
"X1772062113_C01","endo_mural"
"X1772067073_A12","endo_mural"
"X1772063063_C11","endo_mural"
"X1772062109_B07","endo_mural"
"X1772071040_D01","endo_mural"
"X1772063063_G05","endo_mural"
"X1772067069_E07","endo_mural"
"X1772067063_A11","endo_mural"
"X1772071040_F09","endo_mural"
"X1772067063_A07","endo_mural"
"X1772058148_D04","endo_mural"
"X1772067074_H04","endo_mural"
"X1772058148_E02","endo_mural"
"X1772067073_B09","endo_mural"
"X1772063071_D11","endo_mural"
"X1772071040_E11","endo_mural"
"X1772067074_H09","endo_mural"
"X1772071041_H04","endo_mural"
"X1772067073_F07","endo_mural"
"X1772058148_C04","endo_mural"
"X1772058148_E09","endo_mural"
"X1772067074_H08","endo_mural"
"X1772058148_F12","endo_mural"
"X1772063070_A07","endo_mural"
"X1772067074_F11","endo_mural"
"X1772063064_B04","endo_mural"
"X1772063070_A05","endo_mural"
"X1772071040_B11","endo_mural"
"X1772063070_E06","endo_mural"
"X1772060240_D07","endo_mural"
"X1772067063_B03","endo_mural"
"X1772058148_F05","endo_mural"
"X1772060224_A05","endo_mural"
"X1772063070_G07","endo_mural"
"X1772063065_D10","endo_mural"
"X1772060226_E09","endo_mural"
"X1772063061_B10","endo_mural"
"X1772062115_F01","endo_mural"
"X1772063065_D08","endo_mural"
"X1772058148_F10","endo_mural"
"X1772063065_B12","endo_mural"
"X1772063063_H05","endo_mural"
"X1772063068_B12","endo_mural"
"X1772062109_G06","endo_mural"
"X1772062116_H04","endo_mural"
"X1772063062_G06","endo_mural"
"X1772058171_G04","endo_mural"
"X1772067063_D05","endo_mural"
"X1772058177_A05","endo_mural"
"X1772058177_F11","endo_mural"
"X1772063079_A07","endo_mural"
"X1772062116_H07","endo_mural"
"X1772063070_F02","endo_mural"
"X1772060224_C09","endo_mural"
"X1772067073_H05","endo_mural"
"X1772058171_A12","endo_mural"
"X1772067073_H10","endo_mural"
"X1772067074_D07","endo_mural"
"X1772062109_E02","endo_mural"
"X1772060224_F01","endo_mural"
"X1772062111_A11","endo_mural"
"X1772058171_A06","endo_mural"
"X1772060224_F04","endo_mural"
"X1772060224_H12","endo_mural"
"X1772063071_F12","endo_mural"
"X1772062111_A08","endo_mural"
"X1772058177_A08","endo_mural"
"X1772060224_H01","endo_mural"
"X1772058177_B01","endo_mural"
"X1772062111_B12","endo_mural"
"X1772063064_A08","endo_mural"
"X1772063064_B02","endo_mural"
"X1772062115_G08","endo_mural"
"X1772062114_H08","endo_mural"
"X1772063071_G12","endo_mural"
"X1772060225_H04","endo_mural"
"X1772058177_H03","endo_mural"
"X1772063064_F09","endo_mural"
"X1772060224_D12","endo_mural"
"X1772063062_B10","endo_mural"
"X1772062128_E01","endo_mural"
"X1772062128_A02","endo_mural"
"X1772062128_C11","endo_mural"
"X1772060240_B11","endo_mural"
"X1772063078_A02","endo_mural"
"X1772058148_B03","endo_mural"
"X1772062128_C09","endo_mural"
"X1772062116_C03","endo_mural"
"X1772058177_H04","endo_mural"
"X1772063071_B06","endo_mural"
"X1772067063_E01","endo_mural"
"X1772058171_A01","endo_mural"
"X1772062111_F09","endo_mural"
"X1772066104_A09","endo_mural"
"X1772060240_G06","endo_mural"
"X1772062109_B04","endo_mural"
"X1772063071_B12","endo_mural"
"X1772063071_D02","endo_mural"
"X1772067069_H12","endo_mural"
"X1772063062_A05","endo_mural"
"X1772063071_G02","endo_mural"
"X1772071014_H04","astrocytes"
"X1772062109_D11","astrocytes"
"X1772062111_B03","astrocytes"
"X1772071014_C07","astrocytes"
"X1772067063_E05","astrocytes"
"X1772071015_H09","astrocytes"
"X1772071014_G04","astrocytes"
"X1772071014_H07","astrocytes"
"X1772071014_D06","astrocytes"
"X1772071014_F02","astrocytes"
"X1772058171_H01","astrocytes"
"X1772071015_A08","astrocytes"
"X1772071015_D10","astrocytes"
"X1772067064_A10","astrocytes"
"X1772071015_H10","astrocytes"
"X1772062118_H11","astrocytes"
"X1772067069_C11","astrocytes"
"X1772071014_E01","astrocytes"
"X1772071015_D02","astrocytes"
"X1772062128_D05","astrocytes"
"X1772071014_D07","astrocytes"
"X1772071014_A02","astrocytes"
"X1772063071_H08","astrocytes"
"X1772062128_E02","astrocytes"
"X1772063077_F03","astrocytes"
"X1772058177_E09","astrocytes"
"X1772062109_F07","astrocytes"
"X1772058177_D07","astrocytes"
"X1772058171_F07","astrocytes"
"X1772062114_D03","astrocytes"
"X1772062114_B05","astrocytes"
"X1772058177_B03","astrocytes"
"X1772058171_B03","astrocytes"
"X1772063064_D08","astrocytes"
"X1772071015_A12","astrocytes"
"X1772071015_G05","astrocytes"
"X1772063062_B05","astrocytes"
"X1772063061_F08","astrocytes"
"X1772062128_B12","astrocytes"
"X1772062114_E01","astrocytes"
"X1772063068_F04","astrocytes"
"X1772063065_D11","astrocytes"
"X1772063064_H03","astrocytes"
"X1772058171_A08","astrocytes"
"X1772063071_B11","astrocytes"
"X1772062128_E04","astrocytes"
"X1772063071_H07","astrocytes"
"X1772063071_H09","astrocytes"
"X1772062118_G01","astrocytes"
"X1772063062_D09","astrocytes"
"X1772063068_D06","astrocytes"
"X1772063065_E10","astrocytes"
"X1772062115_D08","astrocytes"
"X1772060226_B09","astrocytes"
"X1772063071_H02","astrocytes"
"X1772063077_A11","astrocytes"
"X1772062128_F01","astrocytes"
"X1772062118_A08","astrocytes"
"X1772062114_B04","astrocytes"
"X1772062128_C08","astrocytes"
"X1772062109_A08","astrocytes"
"X1772062115_F11","astrocytes"
"X1772060240_F07","astrocytes"
"X1772062113_F04","astrocytes"
"X1772062118_A10","astrocytes"
"X1772062114_D04","astrocytes"
"X1772063077_G09","astrocytes"
"X1772063077_F11","astrocytes"
"X1772060240_B02","astrocytes"
"X1772058148_C01","astrocytes"
"X1772060224_G08","astrocytes"
"X1772060240_D05","astrocytes"
"X1772060240_B05","astrocytes"
"X1772060224_D09","astrocytes"
"X1772062109_E04","astrocytes"
"X1772063061_C12","astrocytes"
"X1772063063_F04","astrocytes"
"X1772063074_D02","astrocytes"
"X1772062109_E11","astrocytes"
"X1772060240_H12","astrocytes"
"X1772062118_G03","astrocytes"
"X1772071041_B08","astrocytes"
"X1772062114_F06","astrocytes"
"X1772063062_C11","astrocytes"
"X1772062113_E12","astrocytes"
"X1772067063_G08","astrocytes"
"X1772058148_G05","astrocytes"
"X1772063064_E06","astrocytes"
"X1772058148_C05","astrocytes"
"X1772062128_C04","astrocytes"
"X1772063063_E01","astrocytes"
"X1772060224_E12","astrocytes"
"X1772058148_E08","astrocytes"
"X1772058177_C04","astrocytes"
"X1772063077_B01","astrocytes"
"X1772063077_E12","astrocytes"
"X1772058148_C09","astrocytes"
"X1772063074_C07","astrocytes"
"X1772063063_F12","astrocytes"
"X1772067073_H07","astrocytes"
"X1772067066_C06","astrocytes"
"X1772067073_E04","astrocytes"
"X1772067064_C11","astrocytes"
"X1772063063_G08","astrocytes"
"X1772067063_E07","astrocytes"
"X1772062116_B01","astrocytes"
"X1772067063_A06","astrocytes"
"X1772071040_B09","astrocytes"
"X1772067070_B12","astrocytes"
"X1772058148_G03","astrocytes"
"X1772058148_E06","astrocytes"
"X1772062128_G01","astrocytes"
"X1772058148_F08","astrocytes"
"X1772062111_A04","astrocytes"
"X1772062118_C05","astrocytes"
"X1772063061_D08","astrocytes"
"X1772063062_E03","astrocytes"
"X1772067074_F02","astrocytes"
"X1772060226_C10","astrocytes"
"X1772063078_D03","astrocytes"
"X1772060225_C06","astrocytes"
"X1772062109_G12","astrocytes"
"X1772063078_G04","astrocytes"
"X1772062128_E07","astrocytes"
"X1772063070_B07","astrocytes"
"X1772063078_G06","astrocytes"
"X1772060226_H05","astrocytes"
"X1772058148_B11","astrocytes"
"X1772062128_E08","astrocytes"
"X1772062113_C04","astrocytes"
"X1772058177_G08","astrocytes"
"X1772060240_H06","astrocytes"
"X1772063078_G03","astrocytes"
"X1772063077_D01","astrocytes"
"X1772058148_B12","astrocytes"
"X1772063063_C12","astrocytes"
"X1772060226_E06","astrocytes"
"X1772063065_A11","astrocytes"
"X1772058148_D11","astrocytes"
"X1772058148_C07","astrocytes"
"X1772058148_B02","astrocytes"
"X1772058148_A12","astrocytes"
"X1772071041_G06","astrocytes"
"X1772063079_E03","endo_mural"
"X1772058177_B08","endo_mural"
"X1772063078_E07","endo_mural"
"X1772058177_B10","endo_mural"
"X1772060240_C12","endo_mural"
"X1772067073_A03","endo_mural"
"X1772067069_E08","endo_mural"
"X1772058148_D03","endo_mural"
"X1772058148_D10","endo_mural"
"X1772063062_D11","endo_mural"
"X1772058148_F01","endo_mural"
"X1772063062_D04","endo_mural"
"X1772058177_G01","endo_mural"
"X1772062111_B09","endo_mural"
"X1772062113_E06","endo_mural"
"X1772063061_C07","endo_mural"
"X1772062111_D02","endo_mural"
"X1772063077_A05","endo_mural"
"X1772063079_F03","endo_mural"
"X1772063077_B05","endo_mural"
"X1772058171_E08","endo_mural"
"X1772062113_H10","endo_mural"
"X1772067074_G05","endo_mural"
"X1772062113_D02","endo_mural"
"X1772067074_C09","endo_mural"
"X1772063077_B06","endo_mural"
"X1772062116_E06","endo_mural"
"X1772067064_D03","endo_mural"
"X1772063063_G07","endo_mural"
"X1772067063_E08","endo_mural"
"X1772058148_G02","endo_mural"
"X1772063074_F11","endo_mural"
"X1772063074_C04","endo_mural"
"X1772062111_E09","endo_mural"
"X1772062111_F01","endo_mural"
"X1772063074_H03","endo_mural"
"X1772063062_H10","endo_mural"
"X1772058148_D02","endo_mural"
"X1772063078_G10","endo_mural"
"X1772071017_A07","endo_mural"
"X1772063071_G10","endo_mural"
"X1772058148_C03","endo_mural"
"X1772063061_D09","endo_mural"
"X1772063068_D01","endo_mural"
"X1772058148_F03","endo_mural"
